,name
0,india
1,college
2,chennai
3,tamilnadu
4,sagunthala
5,institute
6,science
7,maharashtra
8,cbse
9,montessori
10,bangalore
11,karnataka
12,toi
13,associate
14,dhole
15,candidate
16,site
17,kerala
18,latha
19,madurai
20,avanthi
21,telangana
22,hindu
23,resume
24,coimbatore
25,siddhartha
26,balasore
27,odisha
28,nava
29,chaitanya
30,degree
31,narayanguda
32,narsimha
33,vadodara
34,madanapalle
35,andhra
36,tirunelveli
37,priyadarshini
38,vellore
39,sri
40,prince
41,shri
42,bhavani
43,chitkara
44,adani
45,infrastructure
46,to
47,kaliswari
48,sivakasi
49,dayananda
50,matrusri
51,tata
52,sree
53,balakrishna
54,rajdhani
55,sanda
56,bengaluru
57,sampoorna
58,nalla
59,narasimha
60,eenadu
61,samskruti
62,bandari
63,ranga
64,malla
65,shrine
66,vailankanni
67,adikavi
68,nannaya
69,sreenidhi
70,nadu
71,architecture
72,vijayawada
73,icfai
74,rajpura
75,phagwara
76,thiru
77,ramakrishna
78,nallammai
79,shakthi
80,dubai
81,website
82,amrita
83,meghalaya
84,sasurie
85,shirdi
86,sai
87,ananthapuramu
88,uka
89,tarsadia
90,loksatta
91,nilgiri
92,sastha
93,chalapathi
94,bapatla
95,article
96,ambiga
97,malineni
98,vasavi
99,godavari
100,jai
101,rachna
102,haryana
103,easa
104,kangra
105,guru
106,kapurthala
107,kadapa
108,telugu
109,rajagiri
110,christu
111,jayanthi
112,kochi
113,peri
114,chronicle
115,centre
116,kanyakumari
117,machine
118,beevi
119,home
120,indira
121,saveetha
122,venkateshwaraa
123,janki
124,ji
125,yamuna
126,subharti
127,june
128,service
129,dhanalakshmi
130,matha
131,visvesvaraya
132,nehru
133,delhi
134,ramadevi
135,kolkata
136,roorkee
137,theresa
138,pilani
139,sathyabama
140,defense
141,saurashtra
142,dattha
143,care
144,shree
145,indra
146,praveenya
147,marine
148,mahavidyalaya
149,gondia
150,lohia
151,ayodhya
152,aditya
153,kakinada
154,brainware
155,leo
156,excellence
157,vignana
158,jyothi
159,annamacharya
160,ayira
161,vaisya
162,paramakudi
163,elumalai
164,shivramji
165,moghe
166,commerce
167,gandhi
168,krishi
169,vishwavidyalaya
170,gadge
171,baba
172,amravati
173,nitte
174,meenakshi
175,maharshi
176,bhaskarrao
177,shingne
178,buldana
179,sakunthala
180,raisoni
181,hitwada
182,venkateswara
183,mumbai
184,kalamboli
185,noida
186,saraswathi
187,thyagaraja
188,pollachi
189,wardha
190,visalakshi
191,dinathanthi
192,sembodai
193,vishwakarma
194,reena
195,mehta
196,thane
197,tekkali
198,george
199,sankara
200,rai
201,agra
202,prathyusha
203,madha
204,bharathi
205,theni
206,narayana
207,apollo
208,sivagnaani
209,kamdhenu
210,mandi
211,agartala
212,tripura
213,indore
214,madhya
215,bydhanekula
216,moga
217,baddi
218,pathanamthtta
219,before
220,vidyavardhaka
221,mysore
222,siksha
223,directorate
224,dadra
225,haveli
226,karunanidhi
227,jayalalithaa
228,kutchhi
229,tirupati
230,bannari
231,loyola
232,subramanya
233,palani
234,padmavathi
235,krishna
236,srinivasa
237,raghu
238,geethanjali
239,nellore
240,agriculture
241,mangalore
242,moodabidri
243,reference
244,aurora
245,mepco
246,rishi
247,bapuji
248,davangere
249,anna
250,meri
251,sivagangai
252,venkateshwara
253,thanthi
254,madura
255,page
256,indraprastha
257,sage
258,guwahati
259,khalsa
260,charitable
261,paavai
262,savitribai
263,phule
264,pimpri
265,badruka
266,janaki
267,devi
268,aruppukottai
269,saradha
270,shimla
271,nijalingappa
272,belagavi
273,patna
274,kumaraguru
275,potluri
276,cse
277,ece
278,vidya
279,jamia
280,adi
281,shankara
282,defence
283,gayatri
284,varanasi
285,tribune
286,banga
287,viswavidyalaya
288,kalyani
289,sahrdaya
290,mohali
291,bathinda
292,surendra
293,siliguri
294,birla
295,ranchi
296,malayala
297,manorama
298,bosco
299,maniammai
300,annamalai
301,office
302,theivanai
303,cuddalore
304,ludhiana
305,ilahia
306,ongole
307,kurukshetra
308,malaviya
309,nise
310,icse
311,vemana
312,nirma
313,bali
314,programme
315,sastra
316,ramu
317,angappa
318,vidyalaya
319,standalone
320,bahubali
321,karunya
322,kongu
323,naidu
324,yenepoya
325,fatima
326,mata
327,goenka
328,rohini
329,jaypee
330,buddha
331,geeta
332,guria
333,maratha
334,marathwada
335,navi
336,shridevi
337,tumakuru
338,kakatiya
339,narasaraopeta
340,palai
341,dhanekula
342,papge
343,vivekanandha
344,auto
345,lala
346,prerna
347,chinmaya
348,haldia
349,chhindwara
350,chengalpattu
351,reva
352,hemalata
353,puri
354,grade
355,sarala
356,sundri
357,sanstha
358,satara
359,atria
360,you
361,the
362,eligible
363,more
364,pune
365,online
366,who
367,me
368,operative
369,corporate
370,mangaluru
371,associate
372,divine
373,little
