index,name,sex
1,facultyplus,M
2,faculty,M
3,jobs,M
4,for,M
5,assistant,M
6,professor,M
7,in,M
8,or,M
9,vacancy,M
10,contact,M
11,teaching,M
12,notification,M
13,by,M
14,prist,M
15,university,M
16,calendar,M
17,year,M
18,candidates,M
19,research,M
20,tech,M
21,dr,M
22,of,M
23,and,M
24,technology,M
25,dhaanish,M
26,ahmed,M
27,details,M
28,below,M
29,symbiosis,M
30,skills,M
31,times,M
32,epaper,M
33,international,M
34,school,M
35,teachers,M
36,tgt,M
37,teacher,M
38,new,M
39,horizon,M
40,advertisement,M
41,post,M
42,dean,M
43,hod,M
44,professors,M
45,departments,M
46,detail,M
47,kaliabor,M
48,nagaon,M
49,assam,M
50,within,M
51,september,M
52,patil,M
53,nagpur,M
54,provider,M
55,management,M
56,palakkad,M
57,november,M
58,mathavan,M
59,arts,M
60,week,M
61,group,M
62,colleges,M
63,hyderabad,M
64,through,M
65,email,M
66,days,M
67,walk,M
68,on,M
69,pailan,M
70,studies,M
71,mems,M
72,reddy,M
73,medchal,M
74,parul,M
75,gujarat,M
76,jaipur,M
77,rajasthan,M
78,mvsr,M
79,december,M
80,pradesh,M
81,einstein,M
82,nandhanam,M
83,polytechnic,M
84,ahmedabad,M
85,applications,M
86,from,M
87,nationals,M
88,with,M
89,background,M
90,commitment,M
91,quality,M
92,at,M
93,national,M
94,trichy,M
95,selvam,M
96,namakkal,M
97,lecturer,M
98,principal,M
99,reasearch,M
100,non,M
101,sagar,M
102,social,M
103,sciences,M
104,virudhunagar,M
105,bhubaneswar,M
106,joseph,M
107,uttarakhand,M
108,hotel,M
109,tourism,M
110,dhenkanal,M
111,hkbk,M
112,job,M
113,application,M
114,form,M
115,institutions,M
116,secunderabad,M
117,srinivas,M
118,sec,M
119,chendhuran,M
120,plus,M
121,rajamahendravaram,M
122,positions,M
123,associated,M
124,tamil,M
125,thiruvarur,M
126,august,M
127,guntur,M
128,position,M
129,karpagam,M
130,academy,M
131,education,M
132,passion,M
133,newspaper,M
134,chandigarh,M
135,lovely,M
136,punjab,M
137,dindigul,M
138,seshadripuram,M
139,tirupur,M
140,dinamalar,M
141,deccan,M
142,herald,M
143,ambassador,M
144,schools,M
145,sharjah,M
146,vidyapeetham,M
147,north,M
148,eastern,M
149,hill,M
150,shillong,M
151,malabar,M
152,campus,M
153,global,M
154,prakasam,M
155,arjun,M
156,rathinam,M
157,technical,M
158,lab,M
159,instructor,M
160,surat,M
161,nilgiris,M
162,amman,M
163,newton,M
164,presidency,M
165,sanskar,M
166,bargarh,M
167,pratap,M
168,sikar,M
169,calicut,M
170,department,M
171,siddharth,M
172,nagar,M
173,uttar,M
174,kattankulathur,M
175,women,M
176,lakshmaiah,M
177,west,M
178,aryan,M
179,bharath,M
180,ernakulam,M
181,manav,M
182,educational,M
183,faridabad,M
184,paper,M
185,himachal,M
186,librarian,M
187,nanak,M
188,nav,M
189,bharat,M
190,shroff,M
191,rotary,M
192,chemical,M
193,bharuch,M
194,admission,M
195,counsellor,M
196,announcement,M
197,anand,M
198,public,M
199,chettinad,M
200,kanchipuram,M
201,mary,M
202,centenary,M
203,weeks,M
204,vardhaman,M
205,kayamkulam,M
206,noorul,M
207,islam,M
208,raj,M
209,kumar,M
210,goel,M
211,ghaziabad,M
212,fdtp,M
213,design,M
214,elements,M
215,kancheepuram,M
216,thassim,M
217,abdul,M
218,kader,M
219,andal,M
220,alagar,M
221,mamandur,M
222,avinashilingam,M
223,pharmacy,M
224,meerut,M
225,oxford,M
226,commission,M
227,srinivasan,M
228,jacob,M
229,memorial,M
230,christian,M
231,oddanchathram,M
232,thiruvananthapuram,M
233,muslim,M
234,association,M
235,trivandrum,M
236,lourdes,M
237,march,M
238,marian,M
239,iit,M
240,individuals,M
241,record,M
242,level,M
243,as,M
244,per,M
245,pay,M
246,kalasalingam,M
247,cochin,M
248,shyam,M
249,lal,M
250,fisheries,M
251,ocean,M
252,kufos,M
253,uttaranchal,M
254,dehradun,M
255,jrf,M
256,srf,M
257,bengal,M
258,quantum,M
259,mother,M
260,chittoor,M
261,bits,M
262,october,M
263,development,M
264,organization,M
265,january,M
266,rajkot,M
267,abs,M
268,durgapur,M
269,sathyam,M
270,ganesan,M
271,vizianagaram,M
272,peter,M
273,princeton,M
274,mahaveer,M
275,government,M
276,koraput,M
277,iiit,M
278,allahabad,M
279,prayagraj,M
280,training,M
281,lucknow,M
282,rammanohar,M
283,avadh,M
284,east,M
285,information,M
286,mvj,M
287,coordinators,M
288,ramanathapuram,M
289,sreyas,M
290,bvc,M
291,rajahmundry,M
292,villupuram,M
293,yavatmal,M
294,pondicherry,M
295,ssb,M
296,chenduran,M
297,raipur,M
298,chhattisgarh,M
299,sant,M
300,sahakar,M
301,des,M
302,chandrapur,M
303,eshwar,M
304,sardar,M
305,patel,M
306,law,M
307,dibrugarh,M
308,apeejay,M
309,work,M
310,tumsar,M
311,udumalpet,M
312,nagapattinam,M
313,officiallyfor,M
314,admin,M
315,staffs,M
316,roever,M
317,perambalur,M
318,bhag,M
319,singh,M
320,jalandhar,M
321,ram,M
322,if,M
323,thiruvallur,M
324,art,M
325,prof,M
326,dhanapalan,M
327,nadar,M
328,harvest,M
329,classifieds,M
330,shiv,M
331,thakur,M
332,ramnarayan,M
333,jindal,M
334,liberal,M
335,humanities,M
336,sonipat,M
337,siddhar,M
338,bythakur,M
339,gandhinagar,M
340,gobindgarh,M
341,month,M
342,manipal,M
343,surathkal,M
344,srikulam,M
345,charusat,M
346,anurag,M
347,suryapet,M
348,sankalchand,M
349,visnagar,M
350,calorx,M
351,solan,M
352,musaliar,M
353,vit,M
354,career,M
355,careers,M
356,aravindar,M
357,vanur,M
358,sikkim,M
359,gangtok,M
360,raak,M
361,villianur,M
362,trainer,M
363,niketan,M
364,vaishnav,M
365,anusandhan,M
366,medical,M
367,health,M
368,services,M
369,kumarasamy,M
370,karur,M
371,kalaignar,M
372,excel,M
373,komarapalayam,M
374,shah,M
375,anchor,M
376,ajmer,M
377,pharmaceutical,M
378,ropar,M
379,krishnaswamy,M
380,park,M
381,address,M
382,materials,M
383,electronics,M
384,thrissur,M
385,inth,M
386,visakhapatnam,M
387,kurnool,M
388,july,M
389,boghar,M
390,ambal,M
391,vacancies,M
392,universal,M
393,empowerment,M
394,persons,M
395,thiravium,M
396,kumulur,M
397,about,M
398,posts,M
399,warangal,M
400,banking,M
401,link,M
402,arulmurugan,M
403,schlenk,M
404,fellow,M
405,poddar,M
406,pandian,M
407,yadav,M
408,opportunities,M
409,edition,M
410,daily,M
411,seacom,M
412,birbhum,M
413,jis,M
414,sms,M
415,kottayam,M
416,royal,M
417,kollam,M
418,adamas,M
419,pgt,M
420,prt,M
421,head,M
422,mistress,M
423,chief,M
424,diwan,M
425,society,M
426,amritsar,M
427,nursing,M
428,imayam,M
429,nit,M
430,bharathidasan,M
431,guest,M
432,am,M
433,starex,M
434,gurugram,M
435,aeronautical,M
436,freshers,M
437,chinchwad,M
438,trust,M
439,seth,M
440,ghasiram,M
441,gopikishan,M
442,pandit,M
443,deendayal,M
444,petroleum,M
445,vignan,M
446,ramanas,M
447,kasaragod,M
448,rameshwaram,M
449,sugar,M
450,bihar,M
451,sir,M
452,pioneer,M
453,prasad,M
454,hamdard,M
455,delhifor,M
456,business,M
457,hdfc,M
458,biotechnology,M
459,parishad,M
460,courses,M
461,autonomous,M
462,kaithal,M
463,manipur,M
464,vidyapeeth,M
465,doctoral,M
466,fellowship,M
467,pdf,M
468,cooch,M
469,behar,M
470,jadavpur,M
471,point,M
472,matriculation,M
473,accountant,M
474,driver,M
475,marigold,M
476,shriram,M
477,field,M
478,akal,M
479,jharkhand,M
480,wagh,M
481,nashik,M
482,jain,M
483,kakkanad,M
484,don,M
485,kannur,M
486,periyar,M
487,thanjavur,M
488,staff,M
489,toc,M
490,branches,M
491,dav,M
492,dental,M
493,hr,M
494,res,M
495,xavier,M
496,catholic,M
497,nagercoil,M
498,dev,M
499,body,M
500,aligarh,M
501,across,M
502,vikas,M
503,madan,M
504,mohan,M
505,gorakhpur,M
506,vellaichamy,M
507,sandip,M
508,orchid,M
509,interview,M
510,kumaraswamy,M
511,evening,M
512,madras,M
513,junior,M
514,trends,M
515,challenges,M
516,lakireddy,M
517,members,M
518,generation,M
519,firebird,M
520,kaypeeyes,M
521,asansol,M
522,mission,M
523,ajkim,M
524,hassan,M
525,centurion,M
526,director,M
527,sirmaur,M
528,kingston,M
529,madhyamgram,M
530,jawaharlal,M
531,cuttack,M
532,bhopal,M
533,ambedkar,M
534,ramasamy,M
535,vidyalayam,M
536,pgt,M
537,aloysius,M
538,manufacturing,M
539,gramin,M
540,gautam,M
541,panipat,M
542,cheran,M
543,jb,M
544,govind,M
545,panchmahal,M
546,kipm,M
547,sc,M
548,kashipur,M
549,welham,M
550,girl,M
551,dit,M
552,walkin,M
553,prasarak,M
554,samaj,M
555,babasaheb,M
556,aurangabad,M
557,bhavan,M
558,jnanavikas,M
559,lady,M
560,doak,M
561,brindavan,M
562,karnatak,M
563,dharwad,M
564,bearys,M
565,bennett,M
566,scms,M
567,thomas,M
568,omdayal,M
569,howrah,M
570,raman,M
571,animal,M
572,mann,M
573,engineers,M
574,venkatachalapathy,M
575,lajpat,M
576,tilak,M
577,vishal,M
578,chalisgaon,M
579,jalgaon,M
580,eswar,M
581,medinipur,M
582,pattammal,M
583,alagesan,M
584,ghanashyam,M
585,vidyamandir,M
586,flower,M
587,amity,M
588,zion,M
589,sam,M
590,higginbottom,M
591,jaysingpur,M
592,kolhapur,M
593,mahavir,M
594,lokmat,M
595,alwin,M
596,rayat,M
597,shikshan,M
598,off,M
599,an,M
600,indian,M
601,portal,M
602,us,M
603,now,M
604,academic,M
605,earliest,M
606,officially,M
607,open,M
608,various,M
609,full,M
610,best,M
611,lead,M
612,their,M
613,modern,M
614,excellent,M
615,nainital,M
616,immediately,M
617,central,M
618,higher,M
619,professional,M
620,how,M
621,recruiement,M
622,independent,M
623,high,M
624,primary,M
625,ammal,M
626,greater,M
627,then,M
628,brilliant,M
629,agricultural,M
630,legal,M
631,padmavathy,M
632,official,M
633,it,M
634,secondary,M
635,deep,M
636,dedicated,M
637,next,M
638,young,M
639,senior,M
640,india,F
641,college,F
642,chennai,F
643,tamilnadu,F
644,sagunthala,F
645,institute,F
646,science,F
647,maharashtra,F
648,cbse,F
649,montessori,F
650,bangalore,F
651,karnataka,F
652,toi,F
653,associate,F
654,dhole,F
655,candidate,F
656,site,F
657,kerala,F
658,latha,F
659,madurai,F
660,avanthi,F
661,telangana,F
662,hindu,F
663,resume,F
664,coimbatore,F
665,siddhartha,F
666,balasore,F
667,odisha,F
668,nava,F
669,chaitanya,F
670,degree,F
671,narayanguda,F
672,narsimha,F
673,vadodara,F
674,madanapalle,F
675,andhra,F
676,tirunelveli,F
677,priyadarshini,F
678,vellore,F
679,sri,F
680,prince,F
681,shri,F
682,bhavani,F
683,chitkara,F
684,adani,F
685,infrastructure,F
686,to,F
687,kaliswari,F
688,sivakasi,F
689,dayananda,F
690,matrusri,F
691,tata,F
692,sree,F
693,balakrishna,F
694,rajdhani,F
695,sanda,F
696,bengaluru,F
697,sampoorna,F
698,nalla,F
699,narasimha,F
700,eenadu,F
701,samskruti,F
702,bandari,F
703,ranga,F
704,malla,F
705,shrine,F
706,vailankanni,F
707,adikavi,F
708,nannaya,F
709,sreenidhi,F
710,nadu,F
711,architecture,F
712,vijayawada,F
713,icfai,F
714,rajpura,F
715,phagwara,F
716,thiru,F
717,ramakrishna,F
718,nallammai,F
719,shakthi,F
720,dubai,F
721,website,F
722,amrita,F
723,meghalaya,F
724,sasurie,F
725,shirdi,F
726,sai,F
727,ananthapuramu,F
728,uka,F
729,tarsadia,F
730,loksatta,F
731,nilgiri,F
732,sastha,F
733,chalapathi,F
734,bapatla,F
735,article,F
736,ambiga,F
737,malineni,F
738,vasavi,F
739,godavari,F
740,jai,F
741,rachna,F
742,haryana,F
743,easa,F
744,kangra,F
745,guru,F
746,kapurthala,F
747,kadapa,F
748,telugu,F
749,rajagiri,F
750,christu,F
751,jayanthi,F
752,kochi,F
753,peri,F
754,chronicle,F
755,centre,F
756,kanyakumari,F
757,machine,F
758,beevi,F
759,home,F
760,indira,F
761,saveetha,F
762,venkateshwaraa,F
763,janki,F
764,ji,F
765,yamuna,F
766,subharti,F
767,june,F
768,service,F
769,dhanalakshmi,F
770,matha,F
771,visvesvaraya,F
772,nehru,F
773,delhi,F
774,ramadevi,F
775,kolkata,F
776,roorkee,F
777,theresa,F
778,pilani,F
779,sathyabama,F
780,defense,F
781,saurashtra,F
782,dattha,F
783,care,F
784,shree,F
785,indra,F
786,praveenya,F
787,marine,F
788,mahavidyalaya,F
789,gondia,F
790,lohia,F
791,ayodhya,F
792,aditya,F
793,kakinada,F
794,brainware,F
795,leo,F
796,excellence,F
797,vignana,F
798,jyothi,F
799,annamacharya,F
800,ayira,F
801,vaisya,F
802,paramakudi,F
803,elumalai,F
804,shivramji,F
805,moghe,F
806,commerce,F
807,gandhi,F
808,krishi,F
809,vishwavidyalaya,F
810,gadge,F
811,baba,F
812,amravati,F
813,nitte,F
814,meenakshi,F
815,maharshi,F
816,bhaskarrao,F
817,shingne,F
818,buldana,F
819,sakunthala,F
820,raisoni,F
821,hitwada,F
822,venkateswara,F
823,mumbai,F
824,kalamboli,F
825,noida,F
826,saraswathi,F
827,thyagaraja,F
828,pollachi,F
829,wardha,F
830,visalakshi,F
831,dinathanthi,F
832,sembodai,F
833,vishwakarma,F
834,reena,F
835,mehta,F
836,thane,F
837,tekkali,F
838,george,F
839,sankara,F
840,rai,F
841,agra,F
842,prathyusha,F
843,madha,F
844,bharathi,F
845,theni,F
846,narayana,F
847,apollo,F
848,sivagnaani,F
849,kamdhenu,F
850,mandi,F
851,agartala,F
852,tripura,F
853,indore,F
854,madhya,F
855,bydhanekula,F
856,moga,F
857,baddi,F
858,pathanamthtta,F
859,before,F
860,vidyavardhaka,F
861,mysore,F
862,siksha,F
863,directorate,F
864,dadra,F
865,haveli,F
866,karunanidhi,F
867,jayalalithaa,F
868,kutchhi,F
869,tirupati,F
870,bannari,F
871,loyola,F
872,subramanya,F
873,palani,F
874,padmavathi,F
875,krishna,F
876,srinivasa,F
877,raghu,F
878,geethanjali,F
879,nellore,F
880,agriculture,F
881,mangalore,F
882,moodabidri,F
883,reference,F
884,aurora,F
885,mepco,F
886,rishi,F
887,bapuji,F
888,davangere,F
889,anna,F
890,meri,F
891,sivagangai,F
892,venkateshwara,F
893,thanthi,F
894,madura,F
895,page,F
896,indraprastha,F
897,sage,F
898,guwahati,F
899,khalsa,F
900,charitable,F
901,paavai,F
902,savitribai,F
903,phule,F
904,pimpri,F
905,badruka,F
906,janaki,F
907,devi,F
908,aruppukottai,F
909,saradha,F
910,shimla,F
911,nijalingappa,F
912,belagavi,F
913,patna,F
914,kumaraguru,F
915,potluri,F
916,cse,F
917,ece,F
918,vidya,F
919,jamia,F
920,adi,F
921,shankara,F
922,defence,F
923,gayatri,F
924,varanasi,F
925,tribune,F
926,banga,F
927,viswavidyalaya,F
928,kalyani,F
929,sahrdaya,F
930,mohali,F
931,bathinda,F
932,surendra,F
933,siliguri,F
934,birla,F
935,ranchi,F
936,malayala,F
937,manorama,F
938,bosco,F
939,maniammai,F
940,annamalai,F
941,office,F
942,theivanai,F
943,cuddalore,F
944,ludhiana,F
945,ilahia,F
946,ongole,F
947,kurukshetra,F
948,malaviya,F
949,nise,F
950,icse,F
951,vemana,F
952,nirma,F
953,bali,F
954,programme,F
955,sastra,F
956,ramu,F
957,angappa,F
958,vidyalaya,F
959,standalone,F
960,bahubali,F
961,karunya,F
962,kongu,F
963,naidu,F
964,yenepoya,F
965,fatima,F
966,mata,F
967,goenka,F
968,rohini,F
969,jaypee,F
970,buddha,F
971,geeta,F
972,guria,F
973,maratha,F
974,marathwada,F
975,navi,F
976,shridevi,F
977,tumakuru,F
978,kakatiya,F
979,narasaraopeta,F
980,palai,F
981,dhanekula,F
982,papge,F
983,vivekanandha,F
984,auto,F
985,lala,F
986,prerna,F
987,chinmaya,F
988,haldia,F
989,chhindwara,F
990,chengalpattu,F
991,reva,F
992,hemalata,F
993,puri,F
994,grade,F
995,sarala,F
996,sundri,F
997,sanstha,F
998,satara,F
999,atria,F
1000,you,F
1001,the,F
1002,eligible,F
1003,more,F
1004,pune,F
1005,online,F
1006,who,F
1007,me,F
1008,operative,F
1009,corporate,F
1010,mangaluru,F
1011,associate,F
1012,divine,F
1013,little,F
